,kyon_nums,eaten_kyons,dead_kyons,born_kyons,eaten_grasses,increase
0,150,1,0,1,142,0
1,149,1,0,0,120,-1
2,148,0,1,0,146,-1
3,146,2,0,0,114,-2
4,145,0,1,0,95,-1
5,146,0,0,1,140,1
6,144,2,0,0,119,-2
7,144,1,0,1,136,0
8,143,0,1,0,124,-1
9,142,0,1,0,85,-1
10,142,0,0,0,132,0
11,142,0,0,0,115,0
12,140,2,0,0,90,-2
13,140,0,0,0,94,0
14,139,0,1,0,134,-1
15,138,1,0,0,103,-1
16,139,0,0,1,131,1
17,139,0,0,0,107,0
18,138,1,0,0,84,-1
19,137,1,0,0,116,-1
20,140,0,0,3,110,3
21,139,0,1,0,113,-1
22,139,0,0,0,132,0
23,139,0,0,0,110,0
24,138,0,1,0,99,-1
25,139,0,0,1,133,1
26,136,1,2,0,118,-3
27,135,0,1,0,108,-1
28,135,1,0,1,82,0
29,135,0,0,0,129,0
30,135,1,0,1,102,0
31,135,1,0,1,76,0
32,133,0,2,0,102,-2
33,133,0,0,0,128,0
34,133,0,0,0,102,0
35,133,0,0,0,128,0
36,133,0,0,0,108,0
37,133,0,0,0,86,0
38,133,0,0,0,127,0
39,133,0,0,0,111,0
40,134,0,0,1,88,1
41,134,0,0,0,116,0
42,134,0,0,0,126,0
43,134,0,0,0,109,0
44,134,0,0,0,76,0
45,133,1,1,1,128,-1
46,133,0,0,0,105,0
47,132,2,0,1,127,-1
48,132,0,0,0,107,0
49,133,0,0,1,107,1
50,133,0,0,0,107,0
51,133,0,0,0,87,0
52,132,1,0,0,127,-1
53,131,0,1,0,101,-1
54,131,0,0,0,109,0
55,131,0,1,1,83,0
56,130,0,1,0,89,-1
57,129,1,0,0,122,-1
58,129,0,0,0,103,0
59,130,0,0,1,108,1
60,128,2,0,0,90,-2
61,127,1,0,0,119,-1
62,127,0,0,0,98,0
63,128,0,0,1,76,1
64,127,1,0,0,91,-1
65,126,1,0,0,120,-1
66,125,1,0,0,109,-1
67,125,0,0,0,101,0
68,124,1,0,0,84,-1
69,124,0,0,0,118,0
70,123,0,1,0,94,-1
71,122,1,0,0,77,-1
72,123,0,0,1,81,1
73,123,0,0,0,103,0
74,123,0,0,0,94,0
75,123,0,0,0,94,0
76,123,1,0,1,103,0
77,122,1,0,0,116,-1
78,122,0,0,0,97,0
79,122,1,0,1,117,0
80,122,0,0,0,93,0
81,122,0,0,0,113,0
82,125,0,0,3,97,3
83,124,0,1,0,90,-1
84,122,1,1,0,118,-2
85,121,1,0,0,97,-1
86,121,1,0,1,73,0
87,120,1,0,0,100,-1
88,120,0,0,0,113,0
89,119,0,1,0,86,-1
90,119,0,0,0,102,0
91,118,1,0,0,84,-1
92,118,0,0,0,117,0
93,118,0,0,0,100,0
94,117,1,0,0,112,-1
95,117,0,0,0,95,0
96,116,1,0,0,75,-1
97,116,0,0,0,112,0
98,117,0,0,1,93,1
99,117,0,0,0,76,0
100,117,0,0,0,115,0
101,117,0,0,0,99,0
102,117,0,0,0,96,0
103,117,0,0,0,77,0
104,117,0,0,0,88,0
105,116,0,1,0,112,-1
106,117,0,0,1,94,1
107,117,0,0,0,67,0
108,117,0,0,0,86,0
109,116,1,0,0,100,-1
110,117,0,0,1,113,1
111,117,0,0,0,97,0
112,115,2,0,0,110,-2
113,115,0,0,0,94,0
114,114,0,1,0,76,-1
115,114,0,0,0,99,0
116,114,0,0,0,112,0
117,114,0,0,0,98,0
118,115,0,0,1,109,1
119,114,0,1,0,90,-1
120,114,0,0,0,78,0
121,115,0,0,1,113,1
122,115,0,0,0,94,0
123,115,0,1,1,110,0
124,115,0,0,0,93,0
125,116,0,0,1,99,1
126,116,0,0,0,77,0
127,116,0,0,0,108,0
128,117,0,0,1,94,1
129,116,0,1,0,75,-1
130,116,0,0,0,98,0
131,116,0,0,0,95,0
132,116,0,0,0,96,0
133,116,0,0,0,110,0
134,116,0,0,0,94,0
135,116,0,0,0,114,0
136,116,0,0,0,95,0
137,115,0,1,0,110,-1
138,115,0,0,0,98,0
139,115,0,0,0,80,0
140,115,0,0,0,99,0
141,115,0,0,0,111,0
142,115,0,0,0,90,0
143,116,0,0,1,98,1
144,115,0,1,0,95,-1
145,114,0,1,0,76,-1
146,114,0,0,0,109,0
147,114,0,0,0,89,0
148,115,0,0,1,92,1
149,115,0,0,0,95,0
150,114,2,0,1,92,-1
151,114,0,0,0,94,0
152,112,2,0,0,80,-2
153,112,0,0,0,83,0
154,112,0,0,0,95,0
155,110,2,0,0,104,-2
156,108,2,0,0,86,-2
157,107,1,1,1,71,-1
158,107,0,0,0,105,0
159,107,0,0,0,89,0
160,107,0,0,0,71,0
161,106,0,1,0,104,-1
162,106,0,0,0,84,0
163,105,0,1,0,81,-1
164,105,0,0,0,79,0
165,105,0,0,0,86,0
166,104,1,0,0,89,-1
167,104,0,0,0,94,0
168,104,0,0,0,88,0
169,103,1,0,0,87,-1
170,103,0,0,0,88,0
171,103,0,0,0,100,0
172,103,0,0,0,87,0
173,103,0,0,0,97,0
174,103,0,0,0,84,0
175,103,0,0,0,84,0
176,103,0,0,0,67,0
177,103,0,0,0,96,0
178,104,0,0,1,75,1
179,104,0,0,0,74,0
180,104,0,0,0,102,0
181,104,0,0,0,85,0
182,104,0,0,0,89,0
183,104,0,0,0,74,0
184,104,0,1,1,100,0
185,105,0,0,1,83,1
186,105,0,0,0,94,0
187,106,0,0,1,76,1
188,106,0,0,0,73,0
189,106,0,0,0,102,0
190,107,0,0,1,86,1
191,107,0,0,0,88,0
192,108,0,0,1,90,1
193,108,0,0,0,68,0
194,108,0,0,0,106,0
195,107,1,0,0,86,-1
196,107,0,0,0,66,0
197,106,1,0,0,103,-1
198,106,0,0,0,84,0
199,107,0,0,1,66,1
200,107,0,0,0,103,0
201,107,0,0,0,85,0
202,108,0,1,2,69,1
203,109,0,0,1,103,1
204,109,0,0,0,93,0
205,109,0,0,0,86,0
206,109,0,0,0,72,0
207,110,0,0,1,105,1
208,110,0,0,0,80,0
209,111,0,0,1,91,1
210,110,1,0,0,75,-1
211,111,0,0,1,81,1
212,112,0,0,1,109,1
213,111,0,1,0,84,-1
214,111,0,0,0,92,0
215,110,1,0,0,75,-1
216,109,1,0,0,78,-1
217,107,1,1,0,93,-2
218,107,0,0,0,95,0
219,108,0,0,1,83,1
220,109,0,0,1,88,1
221,107,1,1,0,82,-2
222,107,0,0,0,106,0
223,106,1,0,0,82,-1
224,106,0,0,0,89,0
225,106,0,0,0,90,0
226,107,0,0,1,89,1
227,107,0,0,0,87,0
228,108,1,0,2,76,1
229,107,1,0,0,100,-1
230,108,0,0,1,85,1
231,108,1,0,1,73,0
232,108,0,0,0,87,0
233,107,0,1,0,104,-1
234,106,1,0,0,93,-1
235,106,0,0,0,75,0
236,104,2,0,0,78,-2
237,104,0,0,0,92,0
238,104,0,0,0,103,0
239,104,0,0,0,79,0
240,104,0,0,0,71,0
241,104,0,0,0,100,0
242,104,0,0,0,81,0
243,104,0,0,0,89,0
244,105,0,0,1,82,1
245,105,0,0,0,69,0
246,105,0,0,0,79,0
247,106,0,0,1,83,1
248,106,0,0,0,88,0
249,106,0,0,0,104,0
250,106,0,0,0,85,0
251,106,0,0,0,77,0
252,106,0,0,0,78,0
253,107,0,0,1,105,1
254,107,0,0,0,92,0
255,107,0,0,0,104,0
256,106,1,0,0,83,-1
257,104,1,1,0,101,-2
258,105,0,0,1,84,1
259,104,0,1,0,99,-1
260,104,0,0,0,88,0
261,104,0,0,0,69,0
262,104,0,0,0,73,0
263,103,0,1,0,92,-1
264,103,0,0,0,90,0
265,103,0,0,0,99,0
266,103,0,0,0,78,0
267,103,0,0,0,76,0
268,104,0,0,1,74,1
269,104,0,0,0,91,0
270,104,0,0,0,103,0
271,103,1,0,0,83,-1
272,103,0,0,0,95,0
273,103,0,0,0,87,0
274,103,0,0,0,71,0
275,102,1,0,0,100,-1
276,101,0,1,0,79,-1
277,101,0,0,0,67,0
278,101,0,0,0,73,0
279,101,1,0,1,80,0
280,101,0,0,0,87,0
281,101,0,0,0,80,0
282,101,0,0,0,89,0
283,101,0,0,0,81,0
284,101,0,0,0,87,0
285,100,1,0,0,93,-1
286,101,0,0,1,87,1
287,101,0,0,0,65,0
288,101,0,0,0,89,0
289,102,0,0,1,75,1
290,102,0,0,0,99,0
291,102,0,0,0,82,0
292,102,0,0,0,76,0
293,102,0,0,0,98,0
294,100,2,0,0,86,-2
295,101,0,0,1,96,1
296,101,0,0,0,79,0
297,101,1,0,1,95,0
298,101,0,0,0,84,0
299,100,0,1,0,63,-1
300,100,0,0,0,73,0
301,100,0,0,0,83,0
302,100,0,0,0,98,0
303,99,0,1,0,73,-1
304,99,0,0,0,66,0
305,99,0,0,0,74,0
306,100,0,0,1,87,1
307,100,0,0,0,76,0
308,100,0,0,0,97,0
309,100,0,0,0,88,0
310,100,0,0,0,73,0
311,100,0,0,0,96,0
312,100,0,0,0,81,0
313,100,0,0,0,86,0
314,100,0,0,0,69,0
315,100,0,0,0,76,0
316,100,0,0,0,82,0
317,101,0,0,1,96,1
318,101,0,0,0,81,0
319,101,0,0,0,85,0
320,101,0,0,0,66,0
321,102,0,0,1,68,1
322,102,0,0,0,101,0
323,102,0,0,0,79,0
324,102,0,0,0,70,0
325,102,0,0,0,96,0
326,102,0,0,0,82,0
327,101,1,0,0,79,-1
328,102,0,0,1,73,1
329,102,0,0,0,67,0
330,103,0,0,1,97,1
331,103,0,0,0,72,0
332,103,0,0,0,76,0
333,103,0,0,0,101,0
334,101,2,0,0,82,-2
335,101,0,0,0,94,0
336,101,0,0,0,74,0
337,100,1,0,0,86,-1
338,101,0,0,1,85,1
339,100,1,0,0,89,-1
340,100,0,0,0,66,0
341,99,1,0,0,75,-1
342,97,1,1,0,93,-2
343,97,0,0,0,75,0
344,97,0,0,0,80,0
345,97,0,0,0,84,0
346,97,0,0,0,65,0
347,98,0,0,1,91,1
348,98,0,0,0,84,0
349,98,0,0,0,80,0
350,98,0,0,0,63,0
351,98,0,0,0,71,0
352,98,0,0,0,96,0
353,98,0,0,0,74,0
354,99,1,0,2,73,1
355,100,0,0,1,95,1
356,100,0,0,0,80,0
357,99,1,0,0,67,-1
358,99,0,0,0,70,0
359,99,0,0,0,86,0
360,99,0,0,0,96,0
361,99,0,0,0,69,0
362,99,0,0,0,98,0
363,99,0,0,0,69,0
364,99,0,0,0,96,0
365,99,0,0,0,75,0
366,99,0,0,0,66,0
367,99,0,0,0,81,0
368,100,1,0,2,79,1
369,100,0,0,0,84,0
370,99,0,1,0,93,-1
371,99,0,0,0,82,0
372,99,0,0,0,64,0
373,99,0,0,0,95,0
374,98,1,0,0,78,-1
375,98,0,0,0,62,0
376,98,0,0,0,94,0
377,98,0,0,0,76,0
378,98,0,0,0,83,0
379,97,0,1,0,62,-1
380,97,0,0,0,96,0
381,97,0,0,0,81,0
382,97,0,0,0,59,0
383,97,0,0,0,80,0
384,97,0,0,0,94,0
385,96,1,0,0,71,-1
386,96,0,0,0,73,0
387,96,0,0,0,91,0
388,96,0,0,0,79,0
389,96,0,0,0,64,0
390,96,0,0,0,92,0
391,95,1,0,0,78,-1
392,93,1,1,0,76,-2
393,93,0,0,0,77,0
394,92,1,0,0,66,-1
395,93,0,0,1,88,1
396,92,1,0,0,76,-1
397,91,1,0,0,52,-1
398,90,1,0,0,76,-1
399,90,0,0,0,73,0
400,90,0,0,0,75,0
401,90,0,0,0,70,0
402,90,0,0,0,75,0
403,89,1,0,0,87,-1
404,89,0,0,0,67,0
405,89,0,0,0,75,0
406,90,0,0,1,76,1
407,91,0,0,1,78,1
408,91,0,0,0,59,0
409,90,0,1,0,65,-1
410,90,0,0,0,87,0
411,91,0,0,1,72,1
412,91,0,0,0,66,0
413,90,1,0,0,60,-1
414,89,1,0,0,88,-1
415,89,0,0,0,79,0
416,89,0,0,0,58,0
417,88,0,1,0,65,-1
418,88,0,0,0,85,0
419,88,0,0,0,73,0
420,88,0,0,0,76,0
421,86,2,0,0,58,-2
422,86,0,0,0,79,0
423,86,0,0,0,68,0
424,85,1,0,0,69,-1
425,85,0,0,0,70,0
426,85,0,0,0,77,0
427,84,0,1,0,69,-1
428,83,0,1,0,59,-1
429,84,0,0,1,80,1
430,84,0,0,0,72,0
431,84,0,0,0,72,0
432,84,0,0,0,78,0
433,83,1,0,0,58,-1
434,82,0,1,0,63,-1
435,82,0,0,0,67,0
436,81,1,0,0,79,-1
437,82,0,0,1,69,1
438,82,0,0,0,66,0
439,81,1,0,0,66,-1
440,81,0,0,0,67,0
441,81,0,0,0,70,0
442,81,0,0,0,69,0
443,81,0,0,0,65,0
444,82,0,0,1,67,1
445,82,0,0,0,69,0
446,83,0,0,1,71,1
447,82,0,1,0,67,-1
448,82,1,0,1,53,0
449,82,0,0,0,80,0
450,81,1,0,0,66,-1
451,81,0,0,0,62,0
452,80,2,0,1,60,-1
453,80,0,0,0,52,0
454,80,0,0,0,59,0
455,79,0,1,0,76,-1
456,79,0,0,0,64,0
457,79,0,0,0,52,0
458,79,0,0,0,60,0
459,78,0,1,0,58,-1
460,79,0,0,1,75,1
461,79,1,0,1,60,0
462,79,0,0,0,78,0
463,79,0,0,0,62,0
464,79,0,0,0,70,0
465,79,0,0,0,61,0
466,79,0,0,0,70,0
467,77,0,2,0,55,-2
468,77,0,0,0,59,0
469,77,0,0,0,67,0
470,78,0,0,1,70,1
471,77,1,0,0,68,-1
472,77,0,0,0,66,0
473,77,0,0,0,75,0
474,77,0,0,0,62,0
475,77,0,0,0,75,0
476,76,1,0,0,65,-1
477,76,0,0,0,52,0
478,75,0,1,0,72,-1
479,74,1,0,0,59,-1
480,73,1,0,0,72,-1
481,73,0,0,0,56,0
482,73,0,0,0,70,0
483,73,0,0,0,58,0
484,74,0,0,1,47,1
485,74,0,0,0,61,0
486,74,0,0,0,59,0
487,74,0,0,0,74,0
488,75,0,0,1,58,1
489,75,0,0,0,73,0
490,75,0,0,0,63,0
491,75,0,0,0,73,0
492,75,0,0,0,63,0
493,75,0,0,0,57,0
494,74,1,0,0,72,-1
495,74,0,0,0,66,0
496,74,0,0,0,61,0
497,73,0,1,0,55,-1
498,72,1,0,0,53,-1
499,72,0,0,0,70,0
500,72,0,0,0,60,0
501,72,0,0,0,47,0
502,72,0,0,0,58,0
503,72,0,0,0,61,0
504,72,0,0,0,57,0
505,72,0,0,0,60,0
506,72,0,0,0,63,0
507,71,1,0,0,71,-1
508,72,0,0,1,53,1
509,72,0,0,0,50,0
510,72,0,0,0,70,0
511,72,1,0,1,55,0
512,72,1,0,1,54,0
513,72,0,0,0,70,0
514,72,0,0,0,59,0
515,72,0,0,0,50,0
516,72,0,0,0,70,0
517,73,0,0,1,55,1
518,73,0,0,0,70,0
519,73,0,0,0,56,0
520,73,0,0,0,57,0
521,73,0,0,0,63,0
522,73,1,0,1,61,0
523,73,0,0,0,62,0
524,73,0,0,0,56,0
525,74,0,0,1,62,1
526,74,0,0,0,62,0
527,74,0,0,0,71,0
528,74,0,0,0,64,0
529,75,0,0,1,57,1
530,74,1,0,0,73,-1
531,74,0,0,0,58,0
532,74,0,0,0,52,0
533,74,0,0,0,74,0
534,74,0,0,0,54,0
535,74,0,0,0,65,0
536,75,0,0,1,66,1
537,75,0,0,0,60,0
538,75,0,0,0,56,0
539,75,0,0,0,72,0
540,75,0,0,0,64,0
541,75,0,0,0,59,0
542,75,0,0,0,64,0
543,75,0,0,0,60,0
544,75,0,0,0,56,0
545,74,1,0,0,60,-1
546,75,0,0,1,71,1
547,75,0,0,0,61,0
548,75,0,0,0,75,0
549,75,0,0,0,59,0
550,75,0,0,0,48,0
551,75,0,0,0,73,0
552,75,0,0,0,66,0
553,75,0,0,0,67,0
554,75,0,0,0,65,0
555,75,0,0,0,64,0
556,74,1,0,0,64,-1
557,74,0,0,0,61,0
558,74,0,0,0,68,0
559,74,0,0,0,65,0
560,74,0,0,0,63,0
561,73,0,1,0,55,-1
562,73,0,0,0,71,0
563,73,0,0,0,64,0
564,73,0,0,0,48,0
565,73,0,0,0,71,0
566,73,0,0,0,59,0
567,73,0,0,0,51,0
568,73,0,0,0,60,0
569,72,1,0,0,63,-1
570,72,0,0,0,72,0
571,72,0,0,0,65,0
572,72,0,0,0,70,0
573,71,1,0,0,62,-1
574,71,0,0,0,61,0
575,72,0,0,1,60,1
576,72,0,0,0,53,0
577,72,0,0,0,56,0
578,71,1,0,0,67,-1
579,71,0,0,0,68,0
580,71,0,0,0,61,0
581,72,0,0,1,64,1
582,72,0,0,0,57,0
583,72,0,0,0,66,0
584,71,0,1,0,58,-1
585,71,0,0,0,71,0
586,71,0,0,0,61,0
587,71,0,0,0,63,0
588,70,1,0,0,49,-1
589,70,0,0,0,54,0
590,69,1,0,0,68,-1
591,69,0,0,0,58,0
592,69,0,0,0,67,0
593,69,0,0,0,57,0
594,69,0,0,0,68,0
595,69,0,0,0,56,0
596,69,0,0,0,52,0
597,69,0,0,0,68,0
598,68,1,0,0,58,-1
599,67,1,0,0,46,-1
600,68,0,0,1,63,1
601,69,0,0,1,66,1
602,68,1,0,0,55,-1
603,68,0,0,0,53,0
604,68,0,0,0,48,0
605,67,1,0,0,58,-1
606,67,0,0,0,66,0
607,67,0,0,0,59,0
608,67,0,0,0,43,0
609,68,0,0,1,65,1
610,68,0,0,0,58,0
611,67,0,1,0,66,-1
612,67,0,0,0,51,0
613,68,0,0,1,67,1
614,68,0,0,0,55,0
615,69,0,0,1,49,1
616,69,0,0,0,66,0
617,69,0,0,0,67,0
618,69,0,0,0,62,0
619,69,0,0,0,58,0
620,70,0,0,1,62,1
621,70,0,0,0,63,0
622,70,0,0,0,61,0
623,70,0,1,1,63,0
624,70,0,0,0,49,0
625,69,0,1,0,49,-1
626,69,0,0,0,69,0
627,69,0,0,0,53,0
628,69,0,0,0,67,0
629,69,0,0,0,53,0
630,69,0,0,0,49,0
631,69,0,0,0,66,0
632,69,0,0,0,62,0
633,69,0,0,0,54,0
634,69,0,0,0,67,0
635,69,0,0,0,67,0
636,70,0,0,1,55,1
637,70,0,0,0,62,0
638,70,0,0,0,50,0
639,70,0,0,0,66,0
640,70,0,0,0,59,0
641,69,0,1,0,63,-1
642,69,0,0,0,61,0
643,70,0,0,1,51,1
644,69,0,1,0,68,-1
645,69,0,0,0,54,0
646,69,0,0,0,50,0
647,69,0,0,0,52,0
648,69,0,0,0,67,0
649,69,0,0,0,62,0
650,68,1,0,0,49,-1
651,68,0,0,0,67,0
652,69,0,0,1,55,1
653,70,0,0,1,56,1
654,71,0,0,1,60,1
655,71,0,0,0,54,0
656,71,0,0,0,68,0
657,71,0,0,0,54,0
658,71,0,0,0,51,0
659,71,0,0,0,54,0
660,71,0,0,0,59,0
661,72,0,0,1,70,1
662,71,1,0,0,60,-1
663,72,0,0,1,54,1
664,73,0,0,1,62,1
665,73,0,0,0,68,0
666,74,0,0,1,60,1
667,74,0,0,0,48,0
668,74,0,0,0,51,0
669,74,0,0,0,66,0
670,74,0,0,0,62,0
671,74,0,0,0,71,0
672,74,0,0,0,66,0
673,74,0,0,0,63,0
674,73,1,0,0,52,-1
675,73,0,0,0,73,0
676,73,0,0,0,57,0
677,74,0,0,1,73,1
678,74,0,0,0,58,0
679,74,0,0,0,60,0
680,75,0,0,1,62,1
681,77,0,0,2,73,2
682,77,0,0,0,67,0
683,76,1,0,0,47,-1
684,76,0,0,0,59,0
685,77,0,0,1,73,1
686,77,0,0,0,66,0
687,77,0,0,0,60,0
688,77,0,0,0,60,0
689,77,0,0,0,66,0
690,78,0,0,1,67,1
691,78,0,0,0,68,0
692,78,0,0,0,63,0
693,78,0,0,0,67,0
694,77,1,0,0,74,-1
695,77,0,0,0,62,0
696,77,0,0,0,53,0
697,77,0,0,0,58,0
698,78,0,0,1,76,1
699,78,0,0,0,73,0
700,78,0,0,0,67,0
701,78,0,0,0,57,0
702,78,0,0,0,77,0
703,78,0,0,0,61,0
704,77,0,1,0,60,-1
705,77,0,0,0,59,0
706,77,0,0,0,70,0
707,77,0,1,1,65,0
708,77,0,0,0,68,0
709,77,0,0,0,76,0
710,77,0,0,0,66,0
711,77,0,0,0,61,0
712,77,0,0,0,51,0
713,77,0,0,0,66,0
714,76,1,0,0,65,-1
715,76,0,0,0,76,0
716,76,0,0,0,63,0
717,76,1,0,1,56,0
718,77,0,0,1,58,1
719,77,0,0,0,74,0
720,77,0,1,1,62,0
721,78,0,0,1,54,1
722,79,0,0,1,53,1
723,78,1,0,0,76,-1
724,78,0,0,0,62,0
725,78,0,0,0,58,0
726,77,0,1,0,77,-1
727,77,0,0,0,69,0
728,77,0,0,0,75,0
729,77,0,0,0,64,0
730,77,0,0,0,55,0
731,77,0,0,0,75,0
732,78,0,0,1,59,1
733,78,0,0,0,65,0
734,78,0,0,0,50,0
735,77,1,0,0,74,-1
736,77,0,0,0,62,0
737,77,0,0,0,54,0
738,77,0,0,0,62,0
739,76,1,0,0,69,-1
740,77,0,0,1,67,1
741,77,0,0,0,74,0
742,77,0,0,0,61,0
743,77,0,0,0,75,0
744,77,0,0,0,63,0
745,77,0,0,0,68,0
746,77,0,0,0,68,0
747,77,0,0,0,66,0
748,77,0,0,0,63,0
749,77,0,0,0,68,0
750,77,0,0,0,60,0
751,76,0,1,0,60,-1
752,75,1,0,0,58,-1
753,76,0,0,1,62,1
754,76,0,0,0,65,0
755,76,0,0,0,75,0
756,76,0,0,0,66,0
757,75,1,0,0,47,-1
758,75,0,0,0,74,0
759,76,0,0,1,58,1
760,76,0,0,0,66,0
761,76,0,0,0,49,0
762,76,0,0,0,75,0
763,76,0,0,0,65,0
764,76,1,0,1,52,0
765,76,0,0,0,57,0
766,76,0,0,0,66,0
767,75,1,0,0,64,-1
768,75,0,0,0,72,0
769,75,0,0,0,60,0
770,74,1,0,0,53,-1
771,74,0,0,0,62,0
772,74,0,0,0,70,0
773,73,1,0,0,60,-1
774,73,0,0,0,46,0
775,72,0,1,0,67,-1
776,72,0,0,0,68,0
777,71,1,0,0,61,-1
778,71,0,0,0,54,0
779,71,0,0,0,67,0
780,71,0,0,0,57,0
781,71,0,0,0,47,0
782,71,0,0,0,52,0
783,71,0,0,0,62,0
784,71,0,0,0,60,0
785,71,0,0,0,69,0
786,71,0,0,0,54,0
787,71,0,0,0,70,0
788,72,0,0,1,62,1
789,72,0,0,0,72,0
790,71,0,1,0,62,-1
791,72,0,0,1,44,1
792,72,0,0,0,69,0
793,72,0,0,0,62,0
794,72,0,0,0,53,0
795,72,0,0,0,72,0
796,71,1,0,0,62,-1
797,72,0,0,1,56,1
798,72,0,0,0,59,0
799,72,0,0,0,52,0
800,72,0,0,0,71,0
801,72,0,0,0,56,0
802,71,1,0,0,53,-1
803,71,0,0,0,70,0
804,71,0,0,0,58,0
805,70,1,0,0,57,-1
806,68,2,0,0,50,-2
807,68,0,0,0,66,0
808,69,0,0,1,56,1
809,69,0,0,0,67,0
810,69,0,0,0,61,0
811,70,0,0,1,51,1
812,70,0,0,0,49,0
813,70,0,0,0,70,0
814,70,0,0,0,58,0
815,70,0,0,0,53,0
816,70,0,0,0,60,0
817,70,0,0,0,57,0
818,70,0,0,0,58,0
819,71,0,0,1,62,1
820,71,0,0,0,70,0
821,71,0,0,0,59,0
822,71,0,0,0,52,0
823,71,0,0,0,49,0
824,69,2,0,0,67,-2
825,69,0,0,0,60,0
826,69,0,0,0,49,0
827,69,0,0,0,62,0
828,69,0,0,0,69,0
829,69,0,0,0,55,0
830,69,0,0,0,46,0
831,68,1,0,0,56,-1
832,67,0,1,0,65,-1
833,67,0,0,0,57,0
834,67,0,0,0,45,0
835,67,0,0,0,67,0
836,67,0,0,0,56,0
837,67,0,0,0,56,0
838,67,0,0,0,45,0
839,67,0,0,0,47,0
840,67,0,0,0,67,0
841,68,0,0,1,59,1
842,69,0,0,1,58,1
843,69,0,0,0,48,0
844,69,0,0,0,68,0
845,71,0,0,2,54,2
846,71,0,0,0,69,0
847,71,0,0,0,53,0
848,71,0,0,0,45,0
849,71,0,0,0,67,0
850,70,1,0,0,58,-1
851,70,0,0,0,68,0
852,70,0,0,0,58,0
853,70,0,0,0,44,0
854,70,0,0,0,56,0
855,70,0,0,0,58,0
856,70,0,0,0,59,0
857,70,0,0,0,62,0
858,71,0,0,1,60,1
859,70,1,0,0,69,-1
860,70,0,0,0,56,0
861,70,0,0,0,60,0
862,70,0,0,0,56,0
863,70,0,0,0,64,0
864,71,0,0,1,57,1
865,72,0,0,1,53,1
866,72,0,0,0,55,0
867,72,0,0,0,71,0
868,68,3,1,0,61,-4
869,68,0,0,0,66,0
870,69,0,0,1,59,1
871,69,0,0,0,44,0
872,69,0,0,0,67,0
873,69,0,0,0,57,0
874,69,0,0,0,50,0
875,69,0,0,0,67,0
876,69,0,0,0,62,0
877,68,1,0,0,48,-1
878,68,0,0,0,51,0
879,67,0,1,0,65,-1
880,67,0,0,0,54,0
881,67,0,0,0,46,0
882,67,0,0,0,66,0
883,67,0,0,0,51,0
884,67,0,0,0,48,0
885,67,0,0,0,63,0
886,67,0,0,0,65,0
887,67,0,0,0,59,0
888,67,0,0,0,65,0
889,67,0,0,0,57,0
890,68,0,0,1,57,1
891,68,0,0,0,50,0
892,68,0,0,0,56,0
893,68,0,0,0,56,0
894,69,0,0,1,55,1
895,69,0,0,0,60,0
896,69,0,0,0,67,0
897,69,0,0,0,51,0
898,69,0,0,0,49,0
899,69,0,0,0,53,0
900,69,0,0,0,62,0
901,69,0,0,0,68,0
902,68,1,0,0,54,-1
903,68,0,0,0,67,0
904,68,0,0,0,55,0
905,68,0,0,0,48,0
906,68,0,0,0,66,0
907,68,0,0,0,61,0
908,68,0,0,0,47,0
909,67,1,0,0,49,-1
910,67,1,0,1,63,0
911,67,0,0,0,63,0
912,67,0,0,0,49,0
913,67,0,0,0,66,0
914,68,0,0,1,53,1
915,68,0,0,0,45,0
916,68,0,0,0,56,0
917,68,0,0,0,59,0
918,69,0,0,1,64,1
919,70,0,0,1,57,1
920,70,0,0,0,49,0
921,70,0,0,0,49,0
922,70,0,0,0,66,0
923,70,0,0,0,60,0
924,70,0,0,0,59,0
925,70,0,0,0,62,0
926,70,0,0,0,50,0
927,69,1,0,0,68,-1
928,69,0,0,0,57,0
929,69,0,0,0,48,0
930,69,0,0,0,68,0
931,69,0,0,0,61,0
932,69,0,0,0,44,0
933,69,0,0,0,69,0
934,68,1,0,0,63,-1
935,69,0,0,1,67,1
936,69,0,0,0,60,0
937,69,0,0,0,68,0
938,69,1,0,1,54,0
939,70,0,0,1,59,1
940,70,0,0,0,61,0
941,70,0,0,0,53,0
942,70,0,0,0,45,0
943,69,1,0,0,64,-1
944,69,0,0,0,69,0
945,69,0,0,0,58,0
946,69,0,0,0,48,0
947,69,0,0,0,59,0
948,70,0,0,1,68,1
949,71,0,0,1,55,1
950,72,0,0,1,70,1
951,72,0,0,0,56,0
952,72,0,0,0,63,0
953,72,0,0,0,60,0
954,72,0,0,0,58,0
955,71,1,0,0,59,-1
956,71,0,0,0,58,0
957,71,0,0,0,63,0
958,71,0,0,0,53,0
959,71,0,0,0,57,0
960,71,0,0,0,68,0
961,70,0,1,0,65,-1
962,70,0,0,0,51,0
963,70,0,0,0,69,0
964,70,0,0,0,58,0
965,70,0,0,0,44,0
966,69,0,1,0,67,-1
967,69,0,0,0,58,0
968,69,0,0,0,59,0
969,69,0,0,0,64,0
970,69,0,0,0,58,0
971,70,0,0,1,50,1
972,70,0,0,0,53,0
973,70,0,0,0,66,0
974,70,0,0,0,55,0
975,70,0,0,0,50,0
976,70,0,0,0,68,0
977,70,0,0,0,57,0
978,70,0,0,0,47,0
979,70,0,0,0,52,0
980,70,0,0,0,69,0
981,70,0,0,0,60,0
982,70,0,0,0,49,0
983,70,0,0,0,70,0
984,70,0,0,0,61,0
985,70,0,0,0,57,0
986,70,0,0,0,49,0
987,70,0,0,0,51,0
988,69,1,0,0,60,-1
989,69,0,0,0,68,0
990,69,0,0,0,58,0
991,69,0,0,0,62,0
992,69,0,0,0,52,0
993,69,0,0,0,50,0
994,69,0,0,0,66,0
995,70,0,0,1,54,1
996,72,0,0,2,50,2
997,72,0,0,0,70,0
998,72,0,0,0,61,0
999,72,0,0,0,51,0
1000,72,0,0,0,55,0
1001,72,0,0,0,65,0
1002,72,0,0,0,57,0
1003,72,0,0,0,64,0
1004,72,0,0,0,61,0
1005,72,0,0,0,72,0
1006,72,0,0,0,62,0
1007,72,0,0,0,60,0
1008,72,0,0,0,59,0
1009,72,0,0,0,54,0
1010,73,0,0,1,70,1
1011,73,0,0,0,61,0
1012,73,0,0,0,52,0
1013,73,0,0,0,71,0
1014,72,1,0,0,55,-1
1015,72,0,0,0,65,0
1016,71,1,0,0,47,-1
1017,72,0,0,1,71,1
1018,71,1,0,0,64,-1
1019,70,0,1,0,50,-1
1020,70,0,0,0,51,0
1021,70,0,0,0,69,0
1022,70,0,0,0,60,0
1023,70,0,0,0,51,0
1024,71,0,0,1,69,1
1025,71,0,0,0,63,0
1026,71,0,0,0,53,0
1027,71,0,0,0,70,0
1028,70,1,0,0,59,-1
1029,70,0,0,0,47,0
1030,70,0,0,0,68,0
1031,70,0,0,0,61,0
1032,69,1,0,0,50,-1
1033,69,0,0,0,54,0
1034,69,0,0,0,69,0
1035,69,0,0,0,59,0
1036,69,0,0,0,65,0
1037,69,0,0,0,59,0
1038,69,0,0,0,50,0
1039,69,0,0,0,60,0
1040,69,0,0,0,62,0
1041,69,0,0,0,69,0
1042,69,0,0,0,52,0
1043,68,1,0,0,55,-1
1044,69,0,0,1,63,1
1045,69,0,0,0,62,0
1046,69,0,0,0,47,0
1047,69,0,0,0,49,0
1048,68,0,1,0,65,-1
1049,68,0,1,1,52,0
1050,68,0,0,0,51,0
1051,68,0,0,0,51,0
1052,68,0,0,0,66,0
1053,67,0,1,0,51,-1
1054,67,0,0,0,44,0
1055,67,0,0,0,57,0
1056,68,0,0,1,67,1
1057,67,1,0,0,51,-1
1058,67,0,0,0,46,0
1059,64,3,0,0,45,-3
1060,63,1,0,0,58,-1
1061,64,0,0,1,55,1
1062,63,0,1,0,63,-1
1063,63,0,0,0,50,0
1064,63,0,0,0,42,0
1065,63,0,0,0,58,0
1066,64,0,0,1,63,1
1067,64,0,0,0,54,0
1068,64,0,0,0,63,0
1069,62,2,0,0,56,-2
1070,62,0,0,0,59,0
1071,62,0,0,0,55,0
1072,62,0,0,0,43,0
1073,62,0,0,0,54,0
1074,62,0,0,0,61,0
1075,62,0,0,0,54,0
1076,61,1,0,0,48,-1
1077,62,0,0,1,59,1
1078,63,0,0,1,52,1
1079,62,1,0,0,44,-1
1080,62,0,0,0,49,0
1081,61,1,0,0,51,-1
1082,61,0,0,0,57,0
1083,61,0,0,0,53,0
1084,61,0,0,0,43,0
1085,61,0,0,0,53,0
1086,61,0,0,0,61,0
1087,61,0,0,0,52,0
1088,61,0,0,0,44,0
1089,61,0,0,0,54,0
1090,61,0,0,0,60,0
1091,61,0,0,0,52,0
1092,61,0,0,0,61,0
1093,61,0,0,0,51,0
1094,62,0,0,1,51,1
1095,61,1,0,0,46,-1
1096,61,0,0,0,49,0
1097,61,0,0,0,61,0
1098,61,0,0,0,54,0
1099,61,0,0,0,58,0
1100,60,1,0,0,41,-1
1101,60,0,0,0,60,0
1102,60,0,0,0,53,0
1103,60,0,0,0,42,0
1104,60,0,0,0,59,0
1105,60,0,0,0,53,0
1106,60,0,0,0,50,0
1107,60,0,0,0,48,0
1108,60,0,0,0,60,0
1109,60,0,0,0,43,0
1110,60,0,0,0,59,0
1111,61,0,0,1,53,1
1112,61,0,0,0,54,0
1113,61,0,0,0,43,0
1114,61,0,0,0,58,0
1115,61,0,0,0,49,0
1116,61,0,0,0,56,0
1117,61,0,0,0,46,0
1118,60,0,1,0,60,-1
1119,60,0,0,0,44,0
1120,60,0,0,0,51,0
1121,60,0,0,0,45,0
1122,60,0,0,0,60,0
1123,60,0,0,0,50,0
1124,59,1,0,0,49,-1
1125,59,0,0,0,42,0
1126,60,0,0,1,44,1
1127,60,0,0,0,56,0
1128,60,0,0,0,60,0
1129,60,0,0,0,50,0
1130,60,0,0,0,47,0
1131,61,0,0,1,55,1
1132,60,1,0,0,55,-1
1133,60,0,0,0,48,0
1134,60,0,0,0,57,0
1135,60,0,0,0,47,0
1136,60,0,0,0,59,0
1137,60,0,0,0,55,0
1138,60,0,0,0,52,0
1139,61,0,0,1,49,1
1140,61,0,0,0,55,0
1141,61,0,0,0,42,0
1142,61,0,0,0,58,0
1143,61,0,0,0,54,0
1144,61,0,0,0,59,0
1145,61,0,0,0,51,0
1146,59,1,1,0,36,-2
1147,58,1,0,0,54,-1
1148,58,0,0,0,50,0
1149,58,0,0,0,53,0
1150,58,0,0,0,48,0
1151,58,0,0,0,58,0
1152,59,0,0,1,48,1
1153,59,0,0,0,49,0
1154,59,0,0,0,45,0
1155,61,0,0,2,42,2
1156,61,0,0,0,56,0
1157,60,1,0,0,53,-1
1158,61,0,0,1,50,1
1159,61,0,0,0,57,0
1160,61,0,0,0,43,0
1161,61,0,0,0,60,0
1162,60,1,0,0,51,-1
1163,60,0,0,0,60,0
1164,60,0,0,0,52,0
1165,60,0,0,0,54,0
1166,59,1,0,0,45,-1
1167,59,0,0,0,58,0
1168,59,0,0,0,50,0
1169,59,0,0,0,48,0
1170,58,0,1,0,51,-1
1171,58,0,0,0,52,0
1172,57,1,0,0,44,-1
1173,57,0,0,0,43,0
1174,58,0,0,1,55,1
1175,58,0,0,0,58,0
1176,58,0,0,0,52,0
1177,58,0,0,0,45,0
1178,58,0,0,0,58,0
1179,57,0,1,0,48,-1
1180,57,0,0,0,44,0
1181,57,0,0,0,57,0
1182,57,0,0,0,41,0
1183,57,0,0,0,55,0
1184,57,0,0,0,46,0
1185,57,0,0,0,42,0
1186,57,0,0,0,53,0
1187,57,1,0,1,49,0
1188,57,0,0,0,38,0
1189,57,0,0,0,56,0
1190,56,1,0,0,45,-1
1191,56,0,0,0,34,0
1192,56,0,0,0,54,0
1193,56,0,0,0,46,0
1194,56,0,0,0,40,0
1195,56,0,0,0,46,0
1196,56,0,0,0,43,0
1197,56,0,0,0,55,0
1198,56,0,0,0,39,0
1199,56,0,0,0,42,0
1200,56,0,0,0,56,0
1201,56,0,0,0,43,0
1202,56,0,0,0,44,0
1203,56,0,0,0,47,0
1204,56,0,0,0,52,0
1205,56,0,0,0,55,0
1206,56,0,0,0,47,0
1207,56,0,0,0,45,0
1208,56,0,0,0,50,0
1209,56,0,0,0,51,0
1210,56,0,0,0,48,0
1211,56,0,0,0,54,0
1212,56,0,0,0,46,0
1213,56,0,0,0,39,0
1214,56,0,0,0,56,0
1215,56,0,0,0,47,0
1216,56,0,0,0,52,0
1217,57,0,0,1,44,1
1218,57,0,0,0,42,0
1219,57,0,0,0,51,0
1220,57,0,0,0,50,0
1221,57,0,0,0,46,0
1222,57,0,0,0,54,0
1223,57,0,0,0,46,0
1224,57,0,0,0,54,0
1225,57,0,0,0,53,0
1226,57,0,0,0,56,0
1227,57,0,0,0,43,0
1228,56,1,0,0,40,-1
1229,56,0,0,0,48,0
1230,56,0,0,0,49,0
1231,54,2,0,0,53,-2
1232,54,0,0,0,44,0
1233,54,0,0,0,48,0
1234,54,0,0,0,36,0
1235,54,0,0,0,53,0
1236,54,0,0,0,46,0
1237,54,0,0,0,45,0
1238,54,0,0,0,44,0
1239,54,0,0,0,46,0
1240,54,0,0,0,41,0
1241,53,0,1,0,52,-1
1242,53,0,0,0,42,0
1243,53,0,0,0,37,0
1244,53,0,0,0,40,0
1245,53,0,0,0,41,0
1246,54,0,0,1,48,1
1247,54,0,0,0,52,0
1248,54,0,0,0,45,0
1249,54,0,0,0,40,0
1250,54,0,0,0,54,0
1251,54,0,0,0,45,0
1252,53,1,0,0,47,-1
1253,53,0,0,0,48,0
1254,53,0,0,0,46,0
1255,53,0,0,0,39,0
1256,53,0,0,0,52,0
1257,53,0,0,0,42,0
1258,52,1,0,0,51,-1
1259,53,0,0,1,44,1
1260,53,0,0,0,50,0
1261,53,0,0,0,40,0
1262,53,0,0,0,52,0
1263,53,0,0,0,39,0
1264,55,0,0,2,49,2
1265,55,0,0,0,44,0
1266,55,0,0,0,40,0
1267,55,0,0,0,55,0
1268,55,0,0,0,40,0
1269,55,0,0,0,50,0
1270,55,0,0,0,50,0
1271,55,0,0,0,48,0
1272,55,0,0,0,36,0
1273,55,0,0,0,55,0
1274,56,0,0,1,46,1
1275,56,0,0,0,40,0
1276,56,0,0,0,56,0
1277,56,0,0,0,44,0
1278,56,0,0,0,55,0
1279,56,0,0,0,50,0
1280,56,0,0,0,39,0
1281,56,0,0,0,55,0
1282,56,0,0,0,44,0
1283,56,0,0,0,41,0
1284,56,0,0,0,55,0
1285,56,0,0,0,50,0
1286,56,0,0,0,38,0
1287,56,0,0,0,55,0
1288,57,0,0,1,48,1
1289,58,0,0,1,41,1
1290,58,0,0,0,57,0
1291,58,0,0,0,51,0
1292,59,0,0,1,54,1
1293,59,0,0,0,41,0
1294,59,0,0,0,44,0
1295,59,0,0,0,55,0
1296,58,0,1,0,58,-1
1297,57,1,0,0,46,-1
1298,58,0,0,1,45,1
1299,58,0,0,0,47,0
1300,57,1,0,0,49,-1
1301,58,0,0,1,57,1
1302,58,0,0,0,47,0
1303,58,0,0,0,46,0
1304,58,0,0,0,57,0
1305,58,0,0,0,53,0
1306,58,0,0,0,50,0
1307,58,0,0,0,49,0
1308,58,0,0,0,47,0
1309,58,0,0,0,58,0
1310,58,0,0,0,50,0
1311,58,0,0,0,54,0
1312,58,0,0,0,44,0
1313,59,0,0,1,47,1
1314,58,1,0,0,46,-1
1315,58,0,0,0,42,0
1316,58,0,0,0,52,0
1317,59,0,0,1,49,1
1318,58,1,0,0,53,-1
1319,58,0,0,0,52,0
1320,58,0,0,0,49,0
1321,58,0,0,0,56,0
1322,58,0,0,0,50,0
1323,57,1,0,0,43,-1
1324,57,0,0,0,51,0
1325,57,0,0,0,55,0
1326,57,0,0,0,50,0
1327,57,0,0,0,56,0
1328,57,0,0,0,46,0
1329,57,0,0,0,47,0
1330,56,0,1,0,55,-1
1331,56,0,1,1,49,0
1332,56,0,0,0,55,0
1333,56,0,0,0,50,0
1334,56,0,0,0,32,0
1335,56,0,0,0,43,0
1336,56,0,0,0,56,0
1337,55,1,0,0,42,-1
1338,55,0,0,0,43,0
1339,55,0,0,0,45,0
1340,55,0,0,0,53,0
1341,55,0,0,0,46,0
1342,55,0,0,0,54,0
1343,54,1,0,0,41,-1
1344,54,0,0,0,31,0
1345,54,0,0,0,53,0
1346,55,0,0,1,50,1
1347,53,2,0,0,53,-2
1348,52,1,0,0,44,-1
1349,52,0,0,0,47,0
1350,52,0,0,0,35,0
1351,51,1,0,0,37,-1
1352,51,0,0,0,50,0
1353,51,0,0,0,44,0
1354,53,0,0,2,39,2
1355,53,0,0,0,40,0
1356,53,0,0,0,39,0
1357,53,0,0,0,52,0
1358,54,0,0,1,46,1
1359,54,0,0,0,50,0
1360,54,0,0,0,41,0
1361,54,0,0,0,52,0
1362,54,0,0,0,49,0
1363,54,0,0,0,54,0
1364,54,0,0,0,49,0
1365,54,0,0,0,50,0
1366,54,0,0,0,35,0
1367,54,0,0,0,46,0
1368,54,0,0,0,54,0
1369,54,0,0,0,44,0
1370,54,0,0,0,47,0
1371,53,1,0,0,51,-1
1372,53,0,0,0,44,0
1373,53,0,0,0,48,0
1374,53,0,0,0,43,0
1375,53,0,0,0,43,0
1376,53,0,0,0,46,0
1377,54,0,0,1,46,1
1378,54,0,0,0,52,0
1379,54,0,0,0,54,0
1380,54,0,0,0,43,0
1381,54,0,0,0,53,0
1382,54,0,0,0,50,0
1383,54,0,0,0,44,0
1384,54,0,0,0,52,0
1385,54,0,0,0,47,0
1386,54,0,0,0,53,0
1387,54,0,0,0,41,0
1388,54,0,0,0,47,0
1389,56,0,0,2,41,2
1390,54,1,1,0,53,-2
1391,54,0,0,0,45,0
1392,54,0,0,0,42,0
1393,54,0,0,0,44,0
1394,54,0,0,0,47,0
1395,53,0,1,0,49,-1
1396,53,0,0,0,46,0
1397,53,0,0,0,47,0
1398,53,0,0,0,51,0
1399,53,0,0,0,44,0
1400,53,0,0,0,44,0
1401,53,0,0,0,50,0
1402,52,0,1,0,47,-1
1403,52,0,0,0,38,0
1404,52,0,0,0,41,0
1405,52,0,0,0,46,0
1406,52,1,0,1,51,0
1407,52,0,0,0,43,0
1408,52,0,0,0,35,0
1409,52,0,0,0,51,0
1410,52,0,0,0,47,0
1411,52,0,0,0,40,0
1412,52,0,0,0,51,0
1413,52,0,0,0,43,0
1414,51,1,0,0,48,-1
1415,51,1,0,1,45,0
1416,51,0,0,0,42,0
1417,51,0,0,0,40,0
1418,51,0,0,0,50,0
1419,50,1,0,0,42,-1
1420,50,0,0,0,31,0
1421,51,0,0,1,38,1
1422,50,1,0,0,48,-1
1423,50,0,0,0,42,0
1424,50,0,0,0,44,0
1425,50,0,0,0,43,0
1426,50,0,0,0,38,0
1427,50,0,0,0,49,0
1428,49,1,0,0,41,-1
1429,49,0,0,0,40,0
1430,49,0,0,0,48,0
1431,49,0,0,0,40,0
1432,48,0,1,0,27,-1
1433,49,0,0,1,41,1
1434,49,0,0,0,42,0
1435,49,0,0,0,46,0
1436,49,0,0,0,36,0
1437,49,0,0,0,42,0
1438,49,0,0,0,36,0
1439,50,0,0,1,47,1
1440,50,0,0,0,40,0
1441,50,0,0,0,32,0
1442,50,0,0,0,49,0
1443,50,0,0,0,43,0
1444,50,0,0,0,38,0
1445,50,0,0,0,50,0
1446,50,0,0,0,43,0
1447,50,0,0,0,50,0
1448,49,0,1,0,42,-1
1449,49,0,0,0,35,0
1450,49,0,0,0,47,0
1451,49,0,0,0,37,0
1452,48,0,1,0,37,-1
1453,48,0,0,0,47,0
1454,48,0,0,0,41,0
1455,48,0,0,0,36,0
1456,48,0,0,0,47,0
1457,49,0,0,1,44,1
1458,50,0,0,1,49,1
1459,49,1,0,0,39,-1
1460,49,0,0,0,49,0
1461,49,0,0,0,40,0
1462,49,0,0,0,42,0
1463,49,0,0,0,39,0
1464,49,0,0,0,37,0
1465,49,0,0,0,34,0
1466,49,0,0,0,47,0
1467,49,0,0,0,43,0
1468,49,0,0,0,40,0
1469,49,0,0,0,42,0
1470,49,0,0,0,44,0
1471,49,0,0,0,37,0
1472,49,0,0,0,48,0
1473,49,0,0,0,44,0
1474,49,0,0,0,46,0
1475,49,0,0,0,42,0
1476,49,0,0,0,41,0
1477,49,0,0,0,39,0
1478,48,0,1,0,39,-1
1479,48,0,0,0,44,0
1480,48,0,0,0,40,0
1481,48,0,0,0,48,0
1482,48,0,0,0,39,0
1483,48,0,0,0,44,0
1484,48,0,0,0,41,0
1485,48,0,0,0,37,0
1486,48,0,0,0,46,0
1487,48,0,0,0,39,0
1488,48,0,0,0,47,0
1489,48,0,0,0,44,0
1490,48,0,0,0,35,0
1491,47,1,0,0,47,-1
1492,47,0,0,0,40,0
1493,47,0,0,0,39,0
1494,47,0,0,0,47,0
1495,47,0,0,0,36,0
1496,47,0,0,0,47,0
1497,47,0,0,0,43,0
1498,47,0,0,0,46,0
1499,46,0,1,0,41,-1
1500,45,1,0,0,36,-1
1501,45,0,0,0,44,0
1502,45,0,0,0,40,0
1503,44,1,0,0,43,-1
1504,44,0,0,0,38,0
1505,43,0,1,0,37,-1
1506,44,0,0,1,31,1
1507,44,0,0,0,33,0
1508,44,0,0,0,43,0
1509,44,0,0,0,37,0
1510,42,1,1,0,40,-2
1511,42,0,0,0,36,0
1512,42,0,0,0,31,0
1513,42,0,0,0,34,0
1514,42,0,0,0,41,0
1515,41,0,1,0,41,-1
1516,41,0,0,0,37,0
1517,41,0,0,0,34,0
1518,41,0,0,0,40,0
1519,40,1,0,0,40,-1
1520,38,0,2,0,34,-2
1521,38,0,0,0,30,0
1522,38,0,0,0,32,0
1523,37,1,0,0,31,-1
1524,37,0,0,0,32,0
1525,37,0,0,0,33,0
1526,37,0,0,0,37,0
1527,37,0,0,0,32,0
1528,37,0,0,0,37,0
1529,37,0,0,0,33,0
1530,36,0,1,0,23,-1
1531,36,0,0,0,36,0
1532,36,0,0,0,32,0
1533,36,0,0,0,28,0
1534,36,0,0,0,35,0
1535,36,0,0,0,32,0
1536,36,0,0,0,36,0
1537,36,0,0,0,29,0
1538,36,0,0,0,30,0
1539,36,0,0,0,28,0
1540,36,0,0,0,36,0
1541,36,0,0,0,32,0
1542,35,0,1,0,27,-1
1543,35,0,0,0,32,0
1544,35,0,0,0,32,0
1545,35,0,0,0,35,0
1546,35,0,0,0,30,0
1547,36,0,0,1,29,1
1548,36,0,0,0,30,0
1549,36,0,0,0,33,0
1550,36,0,0,0,35,0
1551,37,0,0,1,31,1
1552,37,0,0,0,36,0
1553,37,0,0,0,26,0
1554,37,1,0,1,28,0
1555,37,0,0,0,33,0
1556,37,0,0,0,35,0
1557,37,0,0,0,37,0
1558,36,0,1,0,30,-1
1559,36,0,0,0,34,0
1560,36,0,0,0,31,0
1561,36,0,0,0,25,0
1562,36,0,0,0,32,0
1563,36,0,0,0,36,0
1564,36,0,0,0,30,0
1565,36,0,0,0,36,0
1566,36,0,0,0,30,0
1567,36,0,0,0,36,0
1568,36,0,0,0,29,0
1569,36,0,0,0,30,0
1570,36,0,0,0,28,0
1571,36,0,0,0,31,0
1572,35,1,0,0,35,-1
1573,36,0,0,1,27,1
1574,36,0,0,0,34,0
1575,36,0,0,0,32,0
1576,36,0,0,0,25,0
1577,36,0,0,0,31,0
1578,36,0,0,0,36,0
1579,36,0,0,0,34,0
1580,36,0,0,0,36,0
1581,36,0,0,0,31,0
1582,36,0,0,0,33,0
1583,36,0,0,0,34,0
1584,36,0,0,0,25,0
1585,36,0,0,0,36,0
1586,36,0,0,0,30,0
1587,36,0,0,0,26,0
1588,35,1,0,0,35,-1
1589,35,0,0,0,30,0
1590,34,0,1,0,33,-1
1591,34,0,0,0,30,0
1592,34,0,0,0,25,0
1593,34,0,0,0,29,0
1594,34,0,0,0,27,0
1595,34,0,0,0,34,0
1596,34,0,0,0,29,0
1597,34,0,0,0,22,0
1598,34,0,0,0,34,0
1599,34,0,0,0,27,0
1600,33,0,1,0,23,-1
1601,33,0,0,0,23,0
1602,33,0,0,0,25,0
1603,33,0,0,0,33,0
1604,33,0,0,0,27,0
1605,33,0,0,0,25,0
1606,33,0,0,0,27,0
1607,33,0,0,0,31,0
1608,33,0,0,0,33,0
1609,33,0,0,0,28,0
1610,33,0,0,0,33,0
1611,33,0,0,0,28,0
1612,33,0,0,0,22,0
1613,33,0,0,0,25,0
1614,33,0,0,0,26,0
1615,33,0,0,0,33,0
1616,33,0,0,0,30,0
1617,33,0,0,0,33,0
1618,33,0,0,0,26,0
1619,33,0,0,0,25,0
1620,33,0,0,0,33,0
1621,33,0,0,0,30,0
1622,33,0,0,0,24,0
1623,33,0,0,0,26,0
1624,33,0,0,0,33,0
1625,34,0,0,1,30,1
1626,34,0,0,0,33,0
1627,34,0,0,0,26,0
1628,34,0,0,0,31,0
1629,34,0,0,0,31,0
1630,34,0,0,0,30,0
1631,34,0,0,0,22,0
1632,35,0,0,1,26,1
1633,35,0,0,0,33,0
1634,35,0,0,0,30,0
1635,36,1,0,2,32,1
1636,36,0,0,0,31,0
1637,36,0,0,0,31,0
1638,36,0,0,0,36,0
1639,36,0,0,0,29,0
1640,36,0,0,0,32,0
1641,36,0,0,0,28,0
1642,36,0,0,0,26,0
1643,36,0,0,0,36,0
1644,36,0,0,0,30,0
1645,36,0,0,0,36,0
1646,36,0,0,0,35,0
1647,36,0,0,0,30,0
1648,36,0,0,0,31,0
1649,36,0,0,0,36,0
1650,36,0,0,0,30,0
1651,36,0,0,0,36,0
1652,36,0,0,0,33,0
1653,36,0,0,0,28,0
1654,36,0,0,0,35,0
1655,37,0,0,1,35,1
1656,37,0,0,0,37,0
1657,37,0,0,0,31,0
1658,37,0,0,0,36,0
1659,37,0,0,0,30,0
1660,37,0,0,0,37,0
1661,37,0,0,0,31,0
1662,37,0,0,0,31,0
1663,37,0,0,0,35,0
1664,37,0,0,0,34,0
1665,37,0,0,0,37,0
1666,37,0,0,0,33,0
1667,37,0,0,0,36,0
1668,37,0,0,0,29,0
1669,37,0,0,0,33,0
1670,37,0,0,0,35,0
1671,37,0,0,0,27,0
1672,37,0,0,0,32,0
1673,37,0,0,0,31,0
1674,37,0,0,0,34,0
1675,37,0,0,0,34,0
1676,37,0,0,0,30,0
1677,37,0,0,0,36,0
1678,37,0,0,0,28,0
1679,37,0,0,0,24,0
1680,37,0,0,0,37,0
1681,37,0,0,0,28,0
1682,38,0,0,1,25,1
1683,38,0,0,0,38,0
1684,38,0,0,0,30,0
1685,38,0,0,0,31,0
1686,38,0,0,0,30,0
1687,38,0,0,0,38,0
1688,37,0,1,0,29,-1
1689,37,0,0,0,24,0
1690,37,0,0,0,37,0
1691,37,0,0,0,34,0
1692,37,0,0,0,27,0
1693,36,1,0,0,35,-1
1694,36,0,0,0,32,0
1695,36,0,0,0,30,0
1696,36,0,0,0,32,0
1697,36,0,0,0,36,0
1698,36,0,0,0,32,0
1699,36,0,0,0,34,0
1700,36,0,0,0,23,0
1701,36,0,0,0,31,0
1702,36,0,0,0,35,0
1703,36,0,0,0,31,0
1704,36,0,0,0,25,0
1705,35,0,1,0,27,-1
1706,35,0,0,0,33,0
1707,35,0,0,0,34,0
1708,35,0,0,0,31,0
1709,35,0,0,0,35,0
1710,35,0,0,0,30,0
1711,35,0,0,0,28,0
1712,35,0,0,0,28,0
1713,35,0,0,0,31,0
1714,35,0,0,0,31,0
1715,35,0,0,0,28,0
1716,35,0,0,0,31,0
1717,35,0,0,0,32,0
1718,35,0,0,0,31,0
1719,35,0,0,0,35,0
1720,35,0,0,0,29,0
1721,35,0,0,0,27,0
1722,35,0,0,0,33,0
1723,35,0,0,0,35,0
1724,35,0,0,0,30,0
1725,35,0,0,0,35,0
1726,35,0,0,0,32,0
1727,35,0,0,0,24,0
1728,35,0,0,0,32,0
1729,35,0,0,0,30,0
1730,34,1,0,0,30,-1
1731,34,0,0,0,31,0
1732,33,1,0,0,27,-1
1733,33,0,0,0,33,0
1734,33,0,0,0,26,0
1735,32,1,0,0,31,-1
1736,32,0,0,0,27,0
1737,31,1,0,0,25,-1
1738,31,0,0,0,31,0
1739,31,0,0,0,26,0
1740,31,0,0,0,26,0
1741,31,0,0,0,31,0
1742,31,0,0,0,26,0
1743,31,0,0,0,30,0
1744,31,0,0,0,25,0
1745,31,0,0,0,26,0
1746,31,0,0,0,27,0
1747,31,0,0,0,23,0
1748,31,0,0,0,29,0
1749,31,0,0,0,30,0
1750,31,0,0,0,27,0
1751,31,0,0,0,23,0
1752,30,1,0,0,21,-1
1753,30,0,0,0,24,0
1754,30,0,0,0,30,0
1755,30,0,0,0,25,0
1756,30,0,0,0,23,0
1757,30,0,0,0,30,0
1758,30,0,0,0,25,0
1759,30,0,0,0,30,0
1760,30,0,0,0,28,0
1761,30,0,0,0,22,0
1762,30,0,0,0,24,0
1763,30,0,0,0,24,0
1764,30,0,0,0,27,0
1765,29,1,0,0,29,-1
1766,29,0,0,0,26,0
1767,29,0,0,0,25,0
1768,30,0,0,1,27,1
1769,30,0,0,0,20,0
1770,30,0,0,0,30,0
1771,30,0,0,0,27,0
1772,30,0,0,0,20,0
1773,30,0,0,0,30,0
1774,30,0,0,0,26,0
1775,30,0,0,0,23,0
1776,30,0,0,0,30,0
1777,30,0,0,0,26,0
1778,30,0,0,0,25,0
1779,31,0,0,1,19,1
1780,31,0,0,0,27,0
1781,31,0,0,0,30,0
1782,31,0,0,0,26,0
1783,31,0,0,0,27,0
1784,31,0,0,0,27,0
1785,31,0,0,0,27,0
1786,31,0,0,0,28,0
1787,30,0,1,0,26,-1
1788,30,0,0,0,27,0
1789,30,0,0,0,27,0
1790,30,0,0,0,25,0
1791,30,0,0,0,17,0
1792,30,0,0,0,29,0
1793,30,0,0,0,22,0
1794,30,0,0,0,24,0
1795,29,0,1,0,21,-1
1796,29,0,0,0,28,0
1797,29,0,0,0,29,0
1798,29,0,0,0,22,0
1799,30,0,0,1,21,1
1800,30,0,0,0,30,0
1801,30,0,0,0,27,0
1802,30,0,0,0,22,0
1803,30,0,0,0,30,0
1804,30,0,0,0,27,0
1805,30,0,0,0,30,0
1806,30,0,0,0,27,0
1807,30,0,0,0,30,0
1808,30,0,0,0,28,0
1809,31,0,0,1,21,1
1810,31,0,0,0,30,0
1811,31,0,0,0,30,0
1812,31,0,0,0,27,0
1813,31,0,0,0,28,0
1814,32,0,0,1,25,1
1815,32,0,0,0,32,0
1816,31,1,0,0,24,-1
1817,31,0,0,0,22,0
1818,31,0,0,0,30,0
1819,31,0,0,0,29,0
1820,31,0,0,0,31,0
1821,31,0,0,0,26,0
1822,30,1,0,0,23,-1
1823,30,0,0,0,25,0
1824,30,0,0,0,25,0
1825,30,0,0,0,22,0
1826,31,0,0,1,26,1
1827,31,0,0,0,28,0
1828,30,1,0,0,24,-1
1829,30,0,0,0,30,0
1830,30,0,0,0,27,0
1831,30,0,0,0,29,0
1832,30,0,0,0,25,0
1833,31,0,0,1,26,1
1834,31,0,0,0,27,0
1835,33,0,0,2,23,2
1836,32,1,0,0,27,-1
1837,32,0,0,0,26,0
1838,32,0,0,0,30,0
1839,31,1,0,0,25,-1
1840,30,0,1,0,25,-1
1841,30,0,0,0,25,0
1842,30,0,0,0,26,0
1843,29,1,0,0,26,-1
1844,29,0,0,0,25,0
1845,29,0,0,0,26,0
1846,29,0,0,0,27,0
1847,29,0,0,0,29,0
1848,29,0,0,0,24,0
1849,29,0,0,0,22,0
1850,29,0,0,0,24,0
1851,29,0,0,0,29,0
1852,29,0,0,0,27,0
1853,29,0,0,0,25,0
1854,29,0,0,0,25,0
1855,29,0,0,0,28,0
1856,29,0,0,0,25,0
1857,29,0,0,0,24,0
1858,29,0,0,0,28,0
1859,29,0,0,0,28,0
1860,28,1,0,0,25,-1
1861,30,0,0,2,28,2
1862,29,1,0,0,26,-1
1863,30,0,0,1,22,1
1864,30,0,0,0,30,0
1865,30,0,0,0,23,0
1866,30,0,0,0,21,0
1867,30,0,0,0,27,0
1868,30,0,0,0,29,0
1869,30,0,0,0,25,0
1870,30,0,0,0,28,0
1871,30,0,0,0,20,0
1872,30,0,0,0,30,0
1873,29,0,1,0,29,-1
1874,29,0,0,0,29,0
1875,29,0,0,0,28,0
1876,29,0,0,0,24,0
1877,28,1,0,0,28,-1
1878,28,0,0,0,20,0
1879,28,0,0,0,20,0
1880,28,0,0,0,28,0
1881,28,0,0,0,28,0
1882,28,0,0,0,28,0
1883,28,0,0,0,25,0
1884,28,0,0,0,25,0
1885,28,0,0,0,20,0
1886,28,0,0,0,28,0
1887,28,0,0,0,25,0
1888,28,0,0,0,24,0
1889,28,0,0,0,22,0
1890,28,0,0,0,26,0
1891,28,0,0,0,27,0
1892,28,0,0,0,26,0
1893,28,0,0,0,18,0
1894,28,0,0,0,22,0
1895,28,0,0,0,26,0
1896,28,0,0,0,28,0
1897,28,0,0,0,25,0
1898,28,0,0,0,22,0
1899,28,0,0,0,26,0
1900,28,0,0,0,28,0
1901,28,0,0,0,27,0
1902,28,0,0,0,23,0
1903,26,2,0,0,21,-2
1904,26,0,0,0,21,0
1905,26,0,0,0,26,0
1906,26,0,0,0,23,0
1907,26,0,0,0,18,0
1908,26,0,0,0,21,0
1909,26,0,0,0,26,0
1910,26,0,0,0,22,0
1911,26,0,0,0,23,0
1912,26,0,0,0,24,0
1913,27,0,0,1,23,1
1914,26,0,1,0,19,-1
1915,26,0,0,0,26,0
1916,26,0,0,0,21,0
1917,26,0,0,0,24,0
1918,26,0,0,0,17,0
1919,26,0,0,0,26,0
1920,27,0,0,1,24,1
1921,27,0,0,0,23,0
1922,27,0,0,0,21,0
1923,27,0,0,0,25,0
1924,27,0,0,0,26,0
1925,27,0,0,0,25,0
1926,27,0,0,0,27,0
1927,27,0,0,0,22,0
1928,27,0,0,0,21,0
1929,27,0,0,0,20,0
1930,27,0,0,0,27,0
1931,27,0,0,0,21,0
1932,27,0,0,0,21,0
1933,27,0,0,0,22,0
1934,27,0,0,0,21,0
1935,27,0,0,0,22,0
1936,26,1,0,0,23,-1
1937,26,0,0,0,26,0
1938,26,0,0,0,23,0
1939,26,0,0,0,22,0
1940,26,0,0,0,19,0
1941,26,0,0,0,26,0
1942,26,0,0,0,19,0
1943,26,0,0,0,24,0
1944,26,0,0,0,25,0
1945,26,0,0,0,23,0
1946,26,0,0,0,26,0
1947,26,0,0,0,24,0
1948,26,0,0,0,18,0
1949,26,0,0,0,26,0
1950,26,0,0,0,21,0
1951,26,0,0,0,20,0
1952,26,0,0,0,20,0
1953,26,0,0,0,24,0
1954,26,0,0,0,21,0
1955,26,0,0,0,26,0
1956,26,0,0,0,23,0
1957,26,0,0,0,20,0
1958,26,0,0,0,24,0
1959,26,0,0,0,26,0
1960,26,0,0,0,22,0
1961,26,0,0,0,21,0
1962,26,0,0,0,23,0
1963,25,1,0,0,25,-1
1964,25,0,0,0,25,0
1965,25,0,0,0,25,0
1966,25,0,0,0,23,0
1967,25,0,0,0,20,0
1968,25,0,0,0,23,0
1969,26,0,0,1,16,1
1970,26,0,0,0,20,0
1971,26,0,0,0,26,0
1972,26,0,0,0,17,0
1973,26,0,0,0,24,0
1974,26,0,0,0,24,0
1975,26,0,0,0,22,0
1976,25,1,0,0,25,-1
1977,25,0,0,0,22,0
1978,25,0,0,0,21,0
1979,25,0,0,0,20,0
1980,25,0,0,0,23,0
1981,25,0,0,0,25,0
1982,25,0,0,0,20,0
1983,25,0,0,0,25,0
1984,25,0,0,0,21,0
1985,26,0,0,1,25,1
1986,26,0,0,0,23,0
1987,26,0,0,0,26,0
1988,26,0,0,0,22,0
1989,26,0,0,0,26,0
1990,26,0,0,0,21,0
1991,26,0,0,0,22,0
1992,26,0,0,0,23,0
1993,26,0,0,0,23,0
1994,26,0,0,0,21,0
1995,25,1,0,0,24,-1
1996,25,0,0,0,22,0
1997,24,1,0,0,20,-1
1998,24,0,0,0,24,0
1999,24,0,0,0,22,0
2000,24,0,0,0,24,0
2001,24,0,0,0,20,0
2002,24,0,0,0,21,0
2003,24,0,0,0,23,0
2004,25,0,0,1,24,1
2005,25,0,0,0,23,0
2006,25,0,0,0,24,0
2007,25,0,0,0,21,0
2008,25,0,0,0,19,0
2009,25,0,0,0,25,0
2010,24,1,0,0,24,-1
2011,24,0,0,0,21,0
2012,24,0,0,0,14,0
2013,24,0,0,0,24,0
2014,24,0,0,0,21,0
2015,24,0,0,0,24,0
2016,24,0,0,0,21,0
2017,24,0,0,0,20,0
2018,24,0,0,0,18,0
2019,24,0,0,0,24,0
2020,24,0,0,0,20,0
2021,24,0,0,0,20,0
2022,24,0,0,0,24,0
2023,24,0,0,0,22,0
2024,24,0,0,0,23,0
2025,24,0,0,0,21,0
2026,24,0,0,0,21,0
2027,24,0,0,0,22,0
2028,24,0,0,0,22,0
2029,24,0,0,0,22,0
2030,24,0,0,0,22,0
2031,24,0,0,0,20,0
2032,24,0,0,0,21,0
2033,24,0,0,0,20,0
2034,24,0,0,0,20,0
2035,24,0,0,0,22,0
2036,24,0,0,0,23,0
2037,24,0,0,0,23,0
2038,24,0,0,0,20,0
2039,24,0,0,0,21,0
2040,24,0,0,0,23,0
2041,24,0,0,0,23,0
2042,24,0,0,0,23,0
2043,24,0,0,0,24,0
2044,24,0,0,0,20,0
2045,24,0,0,0,24,0
2046,24,0,0,0,20,0
2047,24,0,0,0,20,0
2048,24,0,0,0,20,0
2049,25,0,0,1,21,1
2050,25,0,0,0,17,0
2051,26,0,0,1,18,1
2052,26,0,0,0,25,0
2053,26,0,0,0,21,0
2054,26,0,0,0,18,0
2055,26,0,0,0,21,0
2056,26,0,0,0,26,0
2057,26,0,0,0,23,0
2058,26,0,0,0,23,0
2059,27,0,0,1,22,1
2060,27,0,0,0,22,0
2061,27,0,0,0,27,0
2062,27,0,0,0,23,0
2063,27,0,0,0,24,0
2064,27,0,0,0,22,0
2065,27,0,0,0,20,0
2066,27,0,0,0,27,0
2067,27,0,0,0,25,0
2068,27,0,0,0,17,0
2069,27,0,0,0,24,0
2070,27,0,0,0,24,0
2071,27,0,0,0,27,0
2072,27,0,0,0,22,0
2073,27,0,0,0,16,0
2074,27,0,0,0,26,0
2075,27,0,0,0,27,0
2076,27,0,0,0,24,0
2077,27,0,0,0,22,0
2078,27,0,0,0,27,0
2079,27,0,0,0,25,0
2080,27,0,0,0,20,0
2081,27,0,0,0,22,0
2082,27,0,0,0,26,0
2083,26,1,0,0,26,-1
2084,26,0,0,0,21,0
2085,26,0,0,0,17,0
2086,26,0,0,0,24,0
2087,26,0,0,0,24,0
2088,27,0,0,1,26,1
2089,27,0,0,0,22,0
2090,27,0,0,0,27,0
2091,27,0,0,0,25,0
2092,27,0,0,0,17,0
2093,28,0,0,1,27,1
2094,28,0,0,0,22,0
2095,28,0,0,0,22,0
2096,28,0,0,0,26,0
2097,28,0,0,0,28,0
2098,28,0,0,0,25,0
2099,28,0,0,0,28,0
2100,27,1,0,0,25,-1
2101,26,1,0,0,17,-1
2102,26,0,1,1,24,0
2103,26,0,0,0,23,0
2104,26,0,0,0,23,0
2105,26,0,0,0,25,0
2106,26,0,0,0,23,0
2107,27,0,0,1,18,1
2108,27,0,0,0,20,0
2109,27,0,0,0,27,0
2110,27,0,0,0,22,0
2111,27,0,0,0,27,0
2112,27,0,0,0,23,0
2113,27,0,0,0,19,0
2114,27,0,0,0,22,0
2115,27,0,0,0,27,0
2116,27,0,0,0,23,0
2117,27,0,0,0,24,0
2118,27,0,0,0,23,0
2119,27,0,0,0,21,0
2120,27,0,0,0,22,0
2121,27,0,0,0,24,0
2122,27,0,0,0,24,0
2123,27,0,0,0,24,0
2124,27,0,0,0,26,0
2125,27,0,0,0,20,0
2126,27,0,0,0,27,0
2127,27,0,0,0,18,0
2128,27,0,0,0,27,0
2129,27,0,0,0,22,0
2130,27,0,0,0,23,0
2131,27,0,0,0,21,0
2132,27,0,0,0,26,0
2133,27,0,0,0,21,0
2134,27,0,0,0,18,0
2135,27,0,0,0,26,0
2136,27,0,0,0,22,0
2137,27,0,0,0,26,0
2138,28,0,0,1,23,1
2139,28,0,0,0,17,0
2140,28,0,0,0,19,0
2141,28,0,0,0,27,0
2142,28,0,0,0,24,0
2143,28,0,0,0,26,0
2144,28,0,0,0,22,0
2145,28,0,0,0,26,0
2146,28,0,0,0,22,0
2147,28,0,0,0,28,0
2148,28,0,0,0,24,0
2149,28,0,0,0,25,0
2150,28,0,0,0,20,0
2151,28,0,0,0,28,0
2152,28,0,0,0,25,0
2153,28,0,0,0,21,0
2154,28,0,0,0,21,0
2155,28,0,0,0,25,0
2156,28,0,0,0,25,0
2157,28,0,0,0,24,0
2158,28,0,0,0,23,0
2159,28,0,0,0,25,0
2160,28,0,0,0,26,0
2161,27,0,1,0,24,-1
2162,27,0,0,0,20,0
2163,27,0,0,0,27,0
2164,27,0,0,0,21,0
2165,27,0,0,0,20,0
2166,27,0,0,0,26,0
2167,27,0,0,0,25,0
2168,27,0,0,0,19,0
2169,27,0,0,0,25,0
2170,27,0,0,0,24,0
2171,27,0,0,0,19,0
2172,27,0,0,0,24,0
2173,27,0,0,0,23,0
2174,27,0,0,0,27,0
2175,27,0,0,0,21,0
2176,27,0,0,0,26,0
2177,27,0,0,0,26,0
2178,27,0,0,0,27,0
2179,27,0,0,0,21,0
2180,27,0,0,0,24,0
2181,26,1,0,0,26,-1
2182,27,0,0,1,24,1
2183,27,0,0,0,17,0
2184,27,0,0,0,19,0
2185,27,0,0,0,26,0
2186,26,1,0,0,18,-1
2187,26,0,0,0,18,0
2188,26,0,0,0,25,0
2189,26,0,0,0,26,0
